density,weighted_flow
0,9.094947017729282e-13
10,470.3297297029032
20,591.2931381837182
30,589.4762044574925
40,613.0926863732161
50,618.5264021624929
60,610.3839405080219
70,610.3839405080219
